id,producto,direccion,localidad,recibe
1,sillon,04613 Superior Road,Sarandi,Sheba,
9,mesa,6614 Porter Circle,Sarandi,Anallese,
13,televisor,9 Sundown Junction,Sarandi,Hubert,
14,televisor,8061 Pepper Wood Alley,Sarandi,Pattin,
21,lavarropas,6 Michigan Court,Sarandi,Olive,
38,silla,334 Crowley Center,Sarandi,Garik,
41,plancha,3682 Mayfield Point,Sarandi,Wanda,
53,cocina,293 Susan Hill,Sarandi,Granger,
57,televisor,1 Spohn Way,Sarandi,Edyth,
63,silla,62 Towne Way,Sarandi,Rey,
74,secarropas,927 Red Cloud Terrace,Sarandi,Nealy,
80,cocina,5 Rieder Street,Sarandi,Roana,
84,mesa,16 Dovetail Center,Sarandi,Lina,
95,silla,65 Lakewood Gardens Trail,Sarandi,Alphard,
100,silla,9039 Kenwood Pass,Sarandi,Vi,
101,lavarropas,35 Schmedeman Court,Sarandi,Querida,
108,mesa,6 Maywood Avenue,Sarandi,Witty,
114,secarropas,7 Hazelcrest Way,Sarandi,Wainwright,
123,mesa,4946 Trailsway Plaza,Sarandi,Jodi,
127,plancha,5 Cardinal Crossing,Sarandi,Collen,
133,lavarropas,76 Spohn Circle,Sarandi,Brita,
139,plancha,68 Bunker Hill Street,Sarandi,Casandra,
140,silla,59601 Paget Center,Sarandi,Rosa,
143,silla,81718 Lunder Drive,Sarandi,Ives,
148,pava,7311 Clove Alley,Sarandi,Huntley,
168,secarropas,9 Blaine Parkway,Sarandi,Antons,
174,televisor,96182 Harbort Way,Sarandi,Loretta,
180,cocina,72976 Chinook Way,Sarandi,Cherin,
185,pava,1686 Arrowood Point,Sarandi,Lynn,
194,cocina,86263 Jana Center,Sarandi,Winfield,
199,pava,823 Carioca Lane,Sarandi,Alexandro,
200,sillon,9 Fisk Drive,Sarandi,Amery,
205,mesa,487 Gerald Crossing,Sarandi,Felicity,
220,secarropas,651 Sauthoff Park,Sarandi,Justina,
222,pava,0 Darwin Plaza,Sarandi,Rube,
230,plancha,91 Talmadge Street,Sarandi,Desirae,
258,secarropas,6383 Old Shore Lane,Sarandi,Lauree,
259,mesa,334 Darwin Parkway,Sarandi,Drucill,
260,aire acondicionado,2 Moose Drive,Sarandi,Morissa,
263,aire acondicionado,7252 Thackeray Trail,Sarandi,Marja,
269,plancha,56261 Arkansas Plaza,Sarandi,Findley,
270,pava,0 Hayes Parkway,Sarandi,Lelia,
271,sillon,58 Montana Way,Sarandi,Conant,
273,silla,2928 Marquette Street,Sarandi,Merline,
274,cocina,20956 Shasta Circle,Sarandi,Darci,
286,plancha,2719 Spenser Place,Sarandi,Franklin,
288,lavarropas,2881 Cordelia Terrace,Sarandi,Radcliffe,
291,plancha,087 Maryland Lane,Sarandi,Zorana,
292,pava,7 Hoepker Point,Sarandi,Muffin,
303,silla,9 Melody Drive,Sarandi,Sheryl,
311,sillon,23383 Dunning Court,Sarandi,Lesya,
319,silla,75 International Avenue,Sarandi,Jessie,
323,sillon,9999 Buell Place,Sarandi,Dill,
329,cocina,835 Victoria Place,Sarandi,Eldon,
333,cocina,04 Towne Park,Sarandi,Tildi,
336,mesa,9988 Westport Crossing,Sarandi,Annie,
338,plancha,3057 Arapahoe Place,Sarandi,Charmine,
341,lavarropas,74 Menomonie Junction,Sarandi,Padgett,
349,plancha,0243 Upham Park,Sarandi,Cletus,
359,lavarropas,71 Heffernan Way,Sarandi,Loy,
360,cocina,4 Golf View Trail,Sarandi,Currie,
362,pava,20 Shoshone Avenue,Sarandi,Jean,
369,cocina,6900 Tony Parkway,Sarandi,Anselm,
374,mesa,9 Esker Trail,Sarandi,Guthry,
379,plancha,031 Jana Drive,Sarandi,Malorie,
383,secarropas,1 Blackbird Court,Sarandi,Lisbeth,
385,plancha,8 Killdeer Park,Sarandi,Nobe,
389,pava,495 Lerdahl Point,Sarandi,Marice,
391,pava,922 Continental Alley,Sarandi,Aymer,
398,plancha,138 Charing Cross Street,Sarandi,Robinet,
407,sillon,88 Utah Avenue,Sarandi,Hedvig,
409,cocina,84 Crescent Oaks Street,Sarandi,Ilyse,
413,mesa,79 Gale Place,Sarandi,Kiel,
416,aire acondicionado,6 Glacier Hill Hill,Sarandi,Odilia,
420,pava,78 Tennyson Point,Sarandi,Denny,
432,aire acondicionado,30681 Susan Way,Sarandi,Leonanie,
438,televisor,4741 Kropf Center,Sarandi,Dallas,
439,pava,67843 Springview Plaza,Sarandi,Casey,
440,cocina,25 Hanover Junction,Sarandi,Monique,
442,pava,9712 Northridge Place,Sarandi,Anna-diana,
447,secarropas,11277 School Lane,Sarandi,Seward,
451,televisor,48369 Carey Hill,Sarandi,Sheeree,
467,lavarropas,67 Grayhawk Point,Sarandi,Joli,
469,cocina,3958 Tennyson Plaza,Sarandi,Gene,
476,plancha,661 Cardinal Parkway,Sarandi,Damara,
481,cocina,5 Jana Avenue,Sarandi,Niki,
482,aire acondicionado,48887 Lien Center,Sarandi,Feliza,
483,secarropas,5402 Nobel Alley,Sarandi,Ludwig,
494,sillon,51956 Mendota Junction,Sarandi,Adriena,
503,pava,59 Arkansas Park,Sarandi,Katalin,
518,cocina,6679 Memorial Terrace,Sarandi,Galven,
521,aire acondicionado,5954 Fairfield Hill,Sarandi,Chickie,
522,lavarropas,5242 Nova Parkway,Sarandi,Bartolemo,
528,plancha,7000 Anderson Plaza,Sarandi,Alyosha,
529,lavarropas,34 Luster Parkway,Sarandi,Elden,
553,pava,2495 Veith Road,Sarandi,Shanda,
554,secarropas,33 Loeprich Park,Sarandi,Sabra,
566,pava,87 Hansons Circle,Sarandi,Fredia,
568,sillon,46 Vernon Pass,Sarandi,Patrizius,
575,secarropas,2 Stang Road,Sarandi,Eliza,
580,cocina,6 Anniversary Junction,Sarandi,Kristine,
582,cocina,625 Burning Wood Avenue,Sarandi,Franchot,
596,secarropas,904 Lien Crossing,Sarandi,Marven,
599,plancha,3315 5th Park,Sarandi,Krystyna,
603,televisor,5810 Porter Park,Sarandi,Fernando,
611,mesa,619 Cottonwood Parkway,Sarandi,Hillary,
615,televisor,09078 Meadow Ridge Parkway,Sarandi,Kimmy,
621,plancha,3227 Fulton Street,Sarandi,Wheeler,
623,lavarropas,690 Northview Alley,Sarandi,Tabitha,
630,secarropas,085 Esch Junction,Sarandi,Shandee,
637,televisor,53279 Ridgeway Street,Sarandi,Jessa,
638,mesa,6964 Banding Junction,Sarandi,Zachary,
640,silla,6509 Schmedeman Plaza,Sarandi,Katrinka,
645,silla,6459 Mayer Road,Sarandi,Dacey,
647,televisor,1 Melvin Pass,Sarandi,Alica,
648,pava,45166 Warrior Point,Sarandi,Clevie,
655,sillon,4131 Ronald Regan Circle,Sarandi,Alli,
656,pava,89 Manley Trail,Sarandi,Munroe,
658,plancha,5397 Washington Place,Sarandi,Johannes,
659,plancha,18815 Village Circle,Sarandi,Camala,
671,sillon,6753 Barnett Lane,Sarandi,Loleta,
676,aire acondicionado,407 Burrows Hill,Sarandi,Christiano,
679,secarropas,124 Lawn Circle,Sarandi,Lyle,
681,plancha,73096 Shasta Plaza,Sarandi,Virginie,
688,mesa,2475 Straubel Hill,Sarandi,Ursuline,
694,sillon,4 Gerald Plaza,Sarandi,Coreen,
696,pava,8237 Jenifer Parkway,Sarandi,Tracy,
698,pava,74 Elmside Way,Sarandi,Morly,
705,aire acondicionado,458 Lerdahl Court,Sarandi,Cally,
708,secarropas,9 Hagan Parkway,Sarandi,Klarrisa,
715,sillon,11380 Spohn Way,Sarandi,Alphonse,
717,silla,82691 Beilfuss Plaza,Sarandi,Krysta,
719,lavarropas,52 Grasskamp Circle,Sarandi,Siusan,
722,cocina,58170 Londonderry Avenue,Sarandi,Cammy,
725,secarropas,33 Forest Court,Sarandi,Bibby,
732,televisor,15859 Independence Avenue,Sarandi,Mel,
733,cocina,598 Mitchell Alley,Sarandi,Mirabel,
734,sillon,53 Evergreen Pass,Sarandi,Sergei,
737,silla,36156 Fuller Trail,Sarandi,Boyce,
744,plancha,0 Division Trail,Sarandi,Tobi,
758,lavarropas,5 Mariners Cove Street,Sarandi,Harv,
759,aire acondicionado,39901 New Castle Circle,Sarandi,Idaline,
766,lavarropas,3501 Upham Terrace,Sarandi,Janine,
770,cocina,68 Toban Point,Sarandi,Jourdain,
775,pava,71 Texas Road,Sarandi,Slade,
781,silla,1 Petterle Parkway,Sarandi,Berri,
792,mesa,957 Welch Lane,Sarandi,Gay,
796,lavarropas,5479 Starling Way,Sarandi,Bennett,
809,sillon,6 Reindahl Road,Sarandi,Benny,
813,aire acondicionado,65 Lake View Parkway,Sarandi,Laurene,
816,cocina,03581 Bluejay Lane,Sarandi,Alexis,
820,pava,5533 Clyde Gallagher Street,Sarandi,Berri,
825,lavarropas,8972 Acker Drive,Sarandi,Nathaniel,
827,plancha,6182 Russell Drive,Sarandi,Laurel,
843,televisor,12 Red Cloud Street,Sarandi,Eydie,
846,televisor,4 5th Hill,Sarandi,Thedric,
848,plancha,9 Manley Crossing,Sarandi,Noella,
851,mesa,43 Charing Cross Junction,Sarandi,Othelia,
855,silla,38135 Lawn Parkway,Sarandi,Gussie,
858,televisor,5350 Mcbride Way,Sarandi,Benni,
863,pava,2 Bluejay Point,Sarandi,Valene,
866,mesa,693 Saint Paul Center,Sarandi,Reggis,
867,aire acondicionado,70 Monument Way,Sarandi,Marylou,
873,silla,34 Warner Parkway,Sarandi,Clayborne,
874,plancha,644 Village Green Alley,Sarandi,Eddy,
877,aire acondicionado,959 Trailsway Circle,Sarandi,Brice,
879,aire acondicionado,79700 Carpenter Way,Sarandi,Corrine,
884,mesa,951 Stephen Lane,Sarandi,Nance,
887,secarropas,09 Hanover Road,Sarandi,Marji,
892,televisor,60 Marquette Drive,Sarandi,Ashely,
903,pava,8920 Summerview Trail,Sarandi,Korney,
917,plancha,3 Moose Terrace,Sarandi,Giovanni,
937,mesa,83707 Swallow Circle,Sarandi,Irina,
952,mesa,1657 Bunker Hill Alley,Sarandi,Adelina,
969,silla,33 Summerview Crossing,Sarandi,Reta,
971,lavarropas,7068 Mendota Avenue,Sarandi,Kit,
981,lavarropas,36930 Bashford Place,Sarandi,Alistair,
986,lavarropas,1 Mitchell Way,Sarandi,Bree,
992,pava,925 Bowman Point,Sarandi,Diana,
1000,televisor,17 Old Gate Lane,Sarandi,Orton,
4,televisor,76622 Ohio Road,Lomas,Ole,
15,cocina,25945 Clove Center,Lomas,Kelvin,
18,televisor,3160 Redwing Parkway,Lomas,Elyssa,
26,mesa,37 Gulseth Crossing,Lomas,Jared,
28,televisor,8274 Hayes Alley,Lomas,Arlette,
33,pava,7 Glendale Alley,Lomas,Ellis,
37,sillon,135 Bobwhite Street,Lomas,Kore,
42,televisor,62447 Kipling Parkway,Lomas,Sinclare,
48,cocina,49466 Garrison Court,Lomas,Averil,
59,sillon,185 Stephen Place,Lomas,Solomon,
61,pava,524 Clemons Plaza,Lomas,Rayshell,
65,televisor,085 Oxford Alley,Lomas,Jesus,
68,silla,4114 Mallard Crossing,Lomas,Kessiah,
72,secarropas,43427 3rd Hill,Lomas,Rosemaria,
78,aire acondicionado,65489 Muir Terrace,Lomas,Cleveland,
83,silla,13 Oneill Park,Lomas,Ivar,
85,secarropas,4748 Washington Center,Lomas,Chalmers,
88,lavarropas,35396 Dunning Street,Lomas,Chris,
93,secarropas,90431 Drewry Terrace,Lomas,Cristobal,
96,cocina,56 Declaration Road,Lomas,Rochette,
98,plancha,14303 Kings Place,Lomas,Lacee,
102,pava,33011 Acker Drive,Lomas,Luis,
105,televisor,9 Petterle Pass,Lomas,Gizela,
107,cocina,9940 Village Green Trail,Lomas,Goldie,
117,lavarropas,68881 Farragut Street,Lomas,Gil,
120,sillon,01780 Sullivan Park,Lomas,Curran,
121,sillon,60750 Mandrake Crossing,Lomas,Earvin,
129,sillon,7663 Butternut Trail,Lomas,Allison,
144,sillon,4 Buena Vista Crossing,Lomas,Josselyn,
149,plancha,0 Waubesa Plaza,Lomas,Ranice,
150,sillon,4 Rockefeller Plaza,Lomas,Jillayne,
153,aire acondicionado,638 Gulseth Alley,Lomas,Iago,
154,secarropas,19 Twin Pines Street,Lomas,Vikki,
159,aire acondicionado,9247 Superior Court,Lomas,Laurette,
163,lavarropas,7587 Anthes Crossing,Lomas,Karil,
164,lavarropas,35 Hanson Circle,Lomas,Noah,
165,mesa,43607 Packers Road,Lomas,Cyndi,
169,televisor,2811 Meadow Vale Lane,Lomas,Vick,
186,sillon,7 Marcy Center,Lomas,Enrichetta,
193,silla,90067 Ramsey Hill,Lomas,Batsheva,
195,silla,1 Forest Dale Parkway,Lomas,Paulie,
202,pava,73 Oakridge Parkway,Lomas,Dedie,
204,pava,674 Kennedy Circle,Lomas,Baird,
209,plancha,451 Randy Circle,Lomas,Gardy,
217,lavarropas,3 Randy Plaza,Lomas,Hadley,
221,aire acondicionado,88 Valley Edge Road,Lomas,Gypsy,
224,pava,9651 Golf Trail,Lomas,Adolph,
234,aire acondicionado,11428 Mesta Center,Lomas,Ransom,
236,mesa,5 Meadow Ridge Trail,Lomas,Cristal,
237,aire acondicionado,0759 Warrior Place,Lomas,Nathanael,
238,pava,86707 Pennsylvania Avenue,Lomas,Joscelin,
241,pava,3 Haas Road,Lomas,Corty,
246,televisor,38587 American Point,Lomas,Trev,
247,sillon,44404 Raven Hill,Lomas,Rouvin,
265,secarropas,720 Rowland Court,Lomas,Ric,
266,sillon,331 Doe Crossing Park,Lomas,Di,
275,plancha,6360 Westport Hill,Lomas,Corny,
276,plancha,229 Oak Valley Circle,Lomas,Alla,
277,aire acondicionado,139 International Place,Lomas,Esmaria,
282,secarropas,5 Reindahl Place,Lomas,Babb,
285,mesa,3910 Commercial Trail,Lomas,Trefor,
287,mesa,6532 Monica Center,Lomas,Gennifer,
295,secarropas,771 Fisk Way,Lomas,Elliot,
296,plancha,25 Moland Alley,Lomas,Mady,
297,silla,7997 Monterey Street,Lomas,Carolin,
309,plancha,839 Alpine Junction,Lomas,Dorelle,
310,silla,8 Doe Crossing Plaza,Lomas,Waiter,
320,sillon,85753 Orin Way,Lomas,Giulietta,
322,pava,6 Birchwood Lane,Lomas,Kittie,
325,secarropas,655 La Follette Place,Lomas,Muffin,
337,cocina,50 Hagan Place,Lomas,Sancho,
351,pava,58 Jenifer Park,Lomas,Adeline,
353,lavarropas,1 John Wall Way,Lomas,Brigitte,
368,pava,2 Delaware Road,Lomas,Zach,
375,pava,353 Pond Crossing,Lomas,Mandy,
399,televisor,981 Thackeray Hill,Lomas,Zeke,
400,lavarropas,9 Shelley Park,Lomas,Yule,
401,aire acondicionado,50 Division Place,Lomas,Noemi,
402,aire acondicionado,44 Lillian Hill,Lomas,Arabella,
412,aire acondicionado,440 Clemons Circle,Lomas,Ginnifer,
417,mesa,561 Morningstar Crossing,Lomas,Sargent,
426,mesa,7 Sutherland Pass,Lomas,Audy,
444,lavarropas,2 Maryland Trail,Lomas,Tanner,
446,pava,3772 Clarendon Trail,Lomas,Ralina,
452,silla,89 Becker Trail,Lomas,Rosy,
459,mesa,5237 Del Sol Junction,Lomas,Wolf,
461,aire acondicionado,473 Mosinee Drive,Lomas,Yardley,
462,sillon,510 Riverside Trail,Lomas,Mervin,
491,sillon,3 Gateway Lane,Lomas,Mathe,
495,cocina,6954 Merry Place,Lomas,Thebault,
496,cocina,47366 Emmet Circle,Lomas,Dennet,
497,secarropas,0352 High Crossing Crossing,Lomas,Chryste,
498,lavarropas,1025 Debra Plaza,Lomas,Rory,
499,aire acondicionado,01443 Dayton Trail,Lomas,Man,
500,aire acondicionado,1171 Lakewood Gardens Way,Lomas,Stephine,
505,cocina,45161 Caliangt Lane,Lomas,Elnar,
517,aire acondicionado,8 Jenna Trail,Lomas,Lanita,
530,pava,88 Anniversary Park,Lomas,Flossie,
537,pava,9627 Bluestem Place,Lomas,Amandy,
541,sillon,13 Stang Drive,Lomas,Juliann,
543,mesa,349 Schiller Alley,Lomas,Derick,
547,cocina,7 Petterle Circle,Lomas,Eloisa,
562,aire acondicionado,9 Saint Paul Plaza,Lomas,Ravi,
567,silla,17 Aberg Park,Lomas,Fannie,
583,plancha,72019 Hovde Park,Lomas,Simmonds,
584,aire acondicionado,4 Clove Drive,Lomas,Jayme,
590,televisor,07 Corry Point,Lomas,Sarina,
594,televisor,35754 Westend Terrace,Lomas,Ainslie,
600,lavarropas,5287 Barnett Point,Lomas,Umberto,
612,cocina,281 Macpherson Lane,Lomas,Dion,
622,secarropas,2 Rigney Court,Lomas,Bay,
625,secarropas,686 Cody Trail,Lomas,Tasha,
626,cocina,41830 Corscot Crossing,Lomas,Kerianne,
635,lavarropas,15019 Helena Way,Lomas,Starr,
636,mesa,318 Mendota Trail,Lomas,Giulio,
668,secarropas,055 Gulseth Way,Lomas,Morly,
682,aire acondicionado,5682 Granby Pass,Lomas,Duky,
684,sillon,88565 3rd Crossing,Lomas,Howard,
689,secarropas,190 Welch Plaza,Lomas,Gabi,
693,lavarropas,8915 Walton Lane,Lomas,Cody,
704,mesa,4 Union Park,Lomas,Colas,
709,mesa,6783 Homewood Drive,Lomas,Adrienne,
712,pava,97 Debra Point,Lomas,Fiona,
714,aire acondicionado,68 Pierstorff Road,Lomas,Marge,
727,televisor,91 Derek Trail,Lomas,Datha,
738,pava,6 Morningstar Junction,Lomas,Fritz,
743,plancha,416 Crescent Oaks Trail,Lomas,Mathilda,
749,mesa,06998 Hazelcrest Point,Lomas,Fran,
765,pava,92 Pond Center,Lomas,Babbie,
771,aire acondicionado,1 Sheridan Plaza,Lomas,Laverna,
772,lavarropas,66 Namekagon Street,Lomas,Bron,
776,silla,54 Northwestern Place,Lomas,Conney,
787,cocina,80 Reinke Hill,Lomas,Audre,
790,pava,0266 Carey Pass,Lomas,Jessie,
798,pava,16897 Carey Pass,Lomas,Idalina,
826,secarropas,6 Moulton Lane,Lomas,Hieronymus,
830,pava,4445 Anderson Center,Lomas,Jorie,
832,mesa,74 Myrtle Pass,Lomas,Katy,
835,secarropas,713 Oak Circle,Lomas,Clara,
838,lavarropas,99 Morningstar Plaza,Lomas,Hillary,
840,televisor,35489 Nobel Park,Lomas,Doe,
844,cocina,821 Sutherland Street,Lomas,Parrnell,
850,pava,908 Meadow Ridge Court,Lomas,Lurette,
852,plancha,48 Harbort Parkway,Lomas,Valera,
853,cocina,5521 Derek Park,Lomas,Devy,
862,pava,324 Mosinee Crossing,Lomas,Page,
869,secarropas,3 Riverside Center,Lomas,Thelma,
883,silla,79 Hudson Plaza,Lomas,Gabbi,
889,lavarropas,3621 Carey Trail,Lomas,Delilah,
891,sillon,837 American Ash Circle,Lomas,Maurits,
895,lavarropas,2828 Park Meadow Alley,Lomas,Harris,
906,mesa,7856 Schiller Avenue,Lomas,Licha,
916,mesa,187 Evergreen Way,Lomas,Marcello,
928,cocina,55310 Lerdahl Street,Lomas,Kalli,
930,cocina,29399 Morningstar Terrace,Lomas,Ruthe,
933,pava,86968 Mayfield Place,Lomas,Daron,
941,secarropas,941 Sage Pass,Lomas,Wenda,
949,cocina,91 Dryden Circle,Lomas,Leeann,
951,lavarropas,37 Golf View Center,Lomas,Alena,
956,silla,469 Oak Plaza,Lomas,Luella,
957,cocina,38 School Place,Lomas,Alfie,
972,lavarropas,824 Kipling Hill,Lomas,Kai,
973,silla,138 Mcguire Avenue,Lomas,Rhona,
978,plancha,7398 John Wall Place,Lomas,Reidar,
980,mesa,897 Upham Terrace,Lomas,Jamill,
991,plancha,4 Nancy Point,Lomas,Enriqueta,
994,aire acondicionado,1447 Village Green Lane,Lomas,Winne,
23,televisor,7 Jay Park,Lanus,Lolita,
25,aire acondicionado,0 Rockefeller Circle,Lanus,Elmore,
30,silla,4 Golf Course Park,Lanus,Lovell,
36,secarropas,10866 Division Trail,Lanus,Teddie,
40,plancha,6 Hoepker Street,Lanus,Emlynne,
47,aire acondicionado,22659 Northridge Place,Lanus,Jeth,
54,lavarropas,65 Continental Avenue,Lanus,Harlan,
76,plancha,01380 Summit Avenue,Lanus,Obediah,
82,televisor,55 Shelley Point,Lanus,Samuel,
90,silla,6261 La Follette Junction,Lanus,Thor,
92,sillon,7 Rusk Park,Lanus,Frasco,
94,lavarropas,468 Merrick Alley,Lanus,Zack,
104,secarropas,2 Green Ridge Street,Lanus,Karol,
119,cocina,542 Warrior Alley,Lanus,Brianna,
132,pava,95 Dahle Road,Lanus,Jorey,
134,aire acondicionado,612 Moland Court,Lanus,Janean,
136,lavarropas,2 Mandrake Terrace,Lanus,Donnamarie,
145,silla,42697 Hauk Way,Lanus,Durand,
155,lavarropas,30417 Barby Hill,Lanus,Raye,
177,cocina,64 Debra Crossing,Lanus,Star,
187,silla,7 Red Cloud Street,Lanus,Hedy,
188,aire acondicionado,8 Lindbergh Parkway,Lanus,Erhart,
191,cocina,5136 Cottonwood Way,Lanus,Jase,
192,cocina,7800 Cottonwood Circle,Lanus,Tyrus,
210,aire acondicionado,2 Kipling Crossing,Lanus,Ky,
211,sillon,936 Charing Cross Park,Lanus,Scot,
212,televisor,5514 Hanson Court,Lanus,Ruperta,
219,plancha,6422 Cody Court,Lanus,Opaline,
232,lavarropas,02 Maywood Lane,Lanus,Sly,
243,mesa,8689 Grim Circle,Lanus,Willa,
244,televisor,25 Melrose Street,Lanus,Eamon,
267,aire acondicionado,953 School Place,Lanus,Shanda,
281,aire acondicionado,9 Redwing Park,Lanus,Lisle,
283,silla,60 Transport Point,Lanus,Wandis,
289,sillon,3 Lindbergh Plaza,Lanus,Tremayne,
301,aire acondicionado,04 Myrtle Point,Lanus,Seana,
305,cocina,5491 Grover Way,Lanus,Ilyssa,
318,televisor,8 Arizona Road,Lanus,Jourdain,
326,televisor,5 Moulton Way,Lanus,Frieda,
327,sillon,3007 International Road,Lanus,Mireielle,
328,lavarropas,4 Ridge Oak Place,Lanus,Mae,
331,silla,9 Fairview Lane,Lanus,Gaylord,
332,silla,3865 Knutson Terrace,Lanus,Issy,
340,mesa,49903 Redwing Drive,Lanus,Gussi,
348,plancha,6 Gulseth Parkway,Lanus,Elsey,
354,secarropas,12198 Lawn Plaza,Lanus,Holden,
356,televisor,32285 Carey Avenue,Lanus,Steffen,
365,secarropas,99 Ilene Pass,Lanus,Brook,
366,sillon,77425 Prairieview Center,Lanus,Milissent,
377,lavarropas,5 Clyde Gallagher Center,Lanus,Carol-jean,
382,televisor,33502 Susan Plaza,Lanus,Jo ann,
386,secarropas,72603 Stone Corner Terrace,Lanus,Linda,
387,lavarropas,1291 Corben Trail,Lanus,Kit,
390,pava,25894 Garrison Hill,Lanus,Hunt,
403,pava,7629 Washington Street,Lanus,Willi,
414,plancha,11466 Merchant Drive,Lanus,Brit,
415,secarropas,57990 Charing Cross Place,Lanus,Morly,
427,silla,547 Jay Circle,Lanus,Hew,
429,pava,5962 Crescent Oaks Way,Lanus,Garek,
430,lavarropas,9 Novick Road,Lanus,Stepha,
431,sillon,537 Loeprich Terrace,Lanus,Dena,
445,pava,25938 Ronald Regan Trail,Lanus,Pyotr,
450,aire acondicionado,4643 Norway Maple Hill,Lanus,Marty,
454,mesa,9110 Crest Line Circle,Lanus,Bernardo,
457,aire acondicionado,74 Swallow Street,Lanus,Marylin,
466,mesa,8184 Kim Trail,Lanus,Gusty,
471,secarropas,67388 Cherokee Court,Lanus,Harley,
478,televisor,733 Melvin Court,Lanus,Royal,
486,silla,8 Northland Pass,Lanus,Boone,
487,silla,87456 Veith Alley,Lanus,Ashley,
516,secarropas,3 Hallows Trail,Lanus,Nickolas,
519,aire acondicionado,617 Donald Hill,Lanus,Alika,
525,cocina,914 David Avenue,Lanus,Waiter,
527,sillon,192 American Ash Court,Lanus,Knox,
531,mesa,6944 Eliot Terrace,Lanus,Jacquelin,
548,secarropas,9 Walton Avenue,Lanus,Sharona,
549,mesa,57009 Miller Pass,Lanus,Vernor,
555,pava,9100 Boyd Parkway,Lanus,Ximenez,
559,plancha,699 Pearson Pass,Lanus,Dierdre,
570,plancha,59 Ryan Center,Lanus,Fidelity,
571,televisor,633 Monterey Parkway,Lanus,Dolores,
585,lavarropas,7063 Transport Lane,Lanus,Der,
587,silla,197 Clyde Gallagher Place,Lanus,Meg,
589,cocina,61 Thierer Road,Lanus,Ami,
601,sillon,57804 Monument Lane,Lanus,Maxi,
606,plancha,16 Namekagon Park,Lanus,Irv,
614,aire acondicionado,5 Sundown Circle,Lanus,Marrilee,
619,lavarropas,57 Charing Cross Lane,Lanus,Anestassia,
624,pava,022 Hanover Way,Lanus,Frasier,
628,pava,4 Hollow Ridge Park,Lanus,Anabal,
632,silla,53 Moland Alley,Lanus,Roderich,
634,silla,1 Shoshone Lane,Lanus,Corinne,
639,pava,8750 Fordem Hill,Lanus,Rufe,
641,secarropas,02 Grasskamp Point,Lanus,Sophronia,
643,sillon,916 Eggendart Pass,Lanus,Leola,
644,mesa,6 Bonner Center,Lanus,Germana,
653,pava,2 Fairfield Pass,Lanus,Lucia,
667,pava,8733 Lake View Plaza,Lanus,Mariska,
673,silla,315 Northland Junction,Lanus,Earlie,
674,silla,5 Straubel Parkway,Lanus,Alonso,
680,cocina,47682 Myrtle Crossing,Lanus,Gloriane,
700,sillon,750 Moland Plaza,Lanus,Nessie,
710,secarropas,1 Goodland Street,Lanus,Claudian,
718,sillon,650 Jay Road,Lanus,Celisse,
735,pava,7 Waxwing Plaza,Lanus,Erinn,
740,cocina,8975 Hagan Terrace,Lanus,Berton,
747,cocina,14385 Clyde Gallagher Hill,Lanus,Holly,
753,pava,8 Loomis Plaza,Lanus,Rori,
754,cocina,1713 Summerview Terrace,Lanus,Maurita,
755,sillon,4862 Burrows Circle,Lanus,Granthem,
763,sillon,14323 Farwell Terrace,Lanus,Talyah,
773,pava,1897 Badeau Junction,Lanus,Brittani,
777,secarropas,99647 Summerview Drive,Lanus,Sheilakathryn,
783,sillon,685 Garrison Junction,Lanus,Andreana,
795,cocina,839 Stuart Crossing,Lanus,Cicily,
800,pava,93518 Milwaukee Plaza,Lanus,Cosimo,
802,cocina,31489 Springview Parkway,Lanus,Berenice,
814,mesa,14 Havey Terrace,Lanus,Pincus,
821,secarropas,93987 Blaine Lane,Lanus,Dolli,
834,secarropas,59690 East Drive,Lanus,Theadora,
836,cocina,2179 Packers Center,Lanus,Caitrin,
842,lavarropas,16771 Oneill Court,Lanus,Samaria,
847,aire acondicionado,1095 Bowman Point,Lanus,Davey,
849,televisor,90783 Fulton Parkway,Lanus,Falkner,
854,mesa,17 Bartillon Avenue,Lanus,Nollie,
857,cocina,9363 Anhalt Circle,Lanus,Adrian,
859,mesa,5195 Farragut Center,Lanus,Alphonso,
871,plancha,70 Stephen Lane,Lanus,Rudolf,
878,silla,113 Talmadge Alley,Lanus,Lucias,
880,secarropas,63545 Grasskamp Alley,Lanus,Kinny,
885,secarropas,5 Portage Terrace,Lanus,Lucio,
893,silla,71017 Northland Alley,Lanus,Shep,
899,plancha,9314 Colorado Way,Lanus,Marlie,
900,sillon,334 Stang Center,Lanus,Legra,
902,lavarropas,1 Cambridge Point,Lanus,Burtie,
904,silla,72 Vidon Lane,Lanus,Bathsheba,
907,silla,6352 Redwing Center,Lanus,Franky,
908,pava,3 Crest Line Point,Lanus,Merrill,
910,plancha,906 Ryan Crossing,Lanus,Justin,
911,aire acondicionado,13184 Anhalt Trail,Lanus,Maurise,
914,aire acondicionado,3 Barby Point,Lanus,Maritsa,
915,mesa,4 Meadow Vale Alley,Lanus,Misti,
920,silla,0454 Harbort Pass,Lanus,Harri,
925,secarropas,1895 Kensington Park,Lanus,Di,
939,pava,22288 Mendota Trail,Lanus,Allx,
940,silla,8 Nobel Terrace,Lanus,Violetta,
946,aire acondicionado,55 Monument Center,Lanus,Niven,
958,cocina,5 Eliot Circle,Lanus,Ewan,
961,sillon,487 Lakewood Gardens Place,Lanus,Arlina,
964,lavarropas,04223 Mayer Crossing,Lanus,Sander,
966,pava,64 Columbus Circle,Lanus,Zenia,
977,aire acondicionado,2 Schmedeman Alley,Lanus,Willi,
996,secarropas,09 Clemons Court,Lanus,Peri,
